L,M,S,VecProp,R_old,G_old,B_old,R_new,G_new,B_new
1,0,0,0.191539342787735,1,-0.130784770819705,-0.0141902449936347,1,0.434607614590147,0.492904877503183
0,1,0,0.228252453072269,-1,0.431193200772238,-0.020940936705664,0,0.715596600386119,0.489529531647168
0,0,1,0.857758062111336,0.137459511322705,-0.176953446953666,1,0.568729755661353,0.411523276523167,1
